Workbook

Sheet Calculator
A1: FaSi & Betriebsarzt Betreuung – Grund- und Betriebsspezifische Betreuung
A2: Legend: blue text on yellow = input cells to edit; black = formulas. Rows shown are examples – overwrite with your site's data.
A4: Site | B4: Example Site
A5: Year | B5: 2027
A6: FaSi share of Grundbetreuung | B6: 0.5 | C6: =IF(AND(B6>=Reference!C8,1-B6>=Reference!C8),"OK – both disciplines at or above minimum","CHECK – a discipline is below the minimum share") -> OK – both disciplines at or above minimum
A7: Betriebsarzt share | B7: =1-B6 -> 0.5
A9: 1. Grundbetreuung (by area)
A10: Area / department | B10: WZ code | C10: Betreuungsgruppe (I / II / III) | D10: Employees 2027 (avg. headcount) | E10: h per employee | F10: Grundbetreuung total (h) | G10: of which FaSi (h) | H10: of which Betriebsarzt (h)
A11: Warehouse / logistics | B11: 52.10 | C11: II | D11: 250 | E11: =IF(C11="","",INDEX(Reference!$C$4:$C$6,MATCH(C11,Reference!$A$4:$A$6,0))) -> 1.5 | F11: =IF(C11="",0,D11*E11) -> 375 | G11: =F11*$B$6 -> 187.5 | H11: =F11*$B$7 -> 187.5
A12: Office / admin | C12: III | D12: 40 | E12: =IF(C12="","",INDEX(Reference!$C$4:$C$6,MATCH(C12,Reference!$A$4:$A$6,0))) -> 0.5 | F12: =IF(C12="",0,D12*E12) -> 20 | G12: =F12*$B$6 -> 10 | H12: =F12*$B$7 -> 10
E13: =IF(C13="","",INDEX(Reference!$C$4:$C$6,MATCH(C13,Reference!$A$4:$A$6,0))) | F13: =IF(C13="",0,D13*E13) -> 0 | G13: =F13*$B$6 -> 0 | H13: =F13*$B$7 -> 0
E14: =IF(C14="","",INDEX(Reference!$C$4:$C$6,MATCH(C14,Reference!$A$4:$A$6,0))) | F14: =IF(C14="",0,D14*E14) -> 0 | G14: =F14*$B$6 -> 0 | H14: =F14*$B$7 -> 0
E15: =IF(C15="","",INDEX(Reference!$C$4:$C$6,MATCH(C15,Reference!$A$4:$A$6,0))) | F15: =IF(C15="",0,D15*E15) -> 0 | G15: =F15*$B$6 -> 0 | H15: =F15*$B$7 -> 0
E16: =IF(C16="","",INDEX(Reference!$C$4:$C$6,MATCH(C16,Reference!$A$4:$A$6,0))) | F16: =IF(C16="",0,D16*E16) -> 0 | G16: =F16*$B$6 -> 0 | H16: =F16*$B$7 -> 0
E17: =IF(C17="","",INDEX(Reference!$C$4:$C$6,MATCH(C17,Reference!$A$4:$A$6,0))) | F17: =IF(C17="",0,D17*E17) -> 0 | G17: =F17*$B$6 -> 0 | H17: =F17*$B$7 -> 0
E18: =IF(C18="","",INDEX(Reference!$C$4:$C$6,MATCH(C18,Reference!$A$4:$A$6,0))) | F18: =IF(C18="",0,D18*E18) -> 0 | G18: =F18*$B$6 -> 0 | H18: =F18*$B$7 -> 0
E19: =IF(C19="","",INDEX(Reference!$C$4:$C$6,MATCH(C19,Reference!$A$4:$A$6,0))) | F19: =IF(C19="",0,D19*E19) -> 0 | G19: =F19*$B$6 -> 0 | H19: =F19*$B$7 -> 0
E20: =IF(C20="","",INDEX(Reference!$C$4:$C$6,MATCH(C20,Reference!$A$4:$A$6,0))) | F20: =IF(C20="",0,D20*E20) -> 0 | G20: =F20*$B$6 -> 0 | H20: =F20*$B$7 -> 0
A21: Total Grundbetreuung | D21: =SUM(D11:D20) -> 290 | E21: =IF(D21=0,0,F21/D21) -> 1.362069 | F21: =SUM(F11:F20) -> 395 | G21: =SUM(G11:G20) -> 197.5 | H21: =SUM(H11:H20) -> 197.5
A23: 2. Betriebsspezifische Betreuung (hours per driver, from site needs assessment)
A24: Driver / topic | F24: FaSi (h) | G24: Betriebsarzt (h) | H24: Basis / comment
A25: Gefährdungsbeurteilung updates & audits | F25: 60 | G25: 0 | H25: Example – overwrite
A26: Arbeitsmedizinische Vorsorge (G25, G37, etc.) | F26: 0 | G26: 80 | H26: Example – overwrite
A27: ASA meetings & site walkthroughs | F27: 24 | G27: 12 | H27: Example – overwrite
A28: Projects: new equipment / layout changes | F28: 40 | G28: 8 | H28: Example – overwrite
A29: Ergonomics, manual handling programme | F29: 20 | G29: 20 | H29: Example – overwrite
A33: Total Betriebsspezifische Betreuung | F33: =SUM(F25:F32) -> 144 | G33: =SUM(G25:G32) -> 120
A35: ="3. Gesamtbetreuung "&B5 -> 3. Gesamtbetreuung 2027
F36: FaSi (h) | G36: Betriebsarzt (h) | H36: Total (h)
A37: Grundbetreuung | F37: =G21 -> 197.5 | G37: =H21 -> 197.5 | H37: =F37+G37 -> 395
A38: Betriebsspezifische Betreuung | F38: =F33 -> 144 | G38: =G33 -> 120 | H38: =F38+G38 -> 264
A39: Gesamtbetreuung (h per year) | F39: =SUM(F37:F38) -> 341.5 | G39: =SUM(G37:G38) -> 317.5 | H39: =SUM(H37:H38) -> 659
A40: FTE equivalent (at productive h per FTE, see Reference) | F40: =F39/Reference!$C$9 -> 0.2134375 | G40: =G39/Reference!$C$9 -> 0.1984375 | H40: =H39/Reference!$C$9 -> 0.411875
A41: Gesamtbetreuung per employee (h) | H41: =IF(D21=0,0,H39/D21) -> 2.2724138
A42: Betriebsspezifisch as % of Gesamtbetreuung | F42: =IF(F39=0,0,F38/F39) -> 0.42166911 | G42: =IF(G39=0,0,G38/G39) -> 0.37795276 | H42: =IF(H39=0,0,H38/H39) -> 0.40060698

Sheet Reference
A1: Reference – DGUV Vorschrift 2, Anlage 2 (Betreuungsgruppen, Grundbetreuung)
A3: Betreuungsgruppe | B3: Risk level | C3: Grundbetreuung (h per employee per year)
A4: I | B4: High | C4: 2.5
A5: II | B5: Medium | C5: 1.5
A6: III | B6: Low | C6: 0.5
A8: Minimum share of Grundbetreuung per discipline (FaSi / Betriebsarzt) | C8: 0.2
A9: Productive hours per FTE per year (for FTE conversion only) | C9: 1600
A11: Sources and assumptions
A12: Betreuungsgruppe for the site: user checked DGUV Vorschrift 2 (BGHW Medienshop PDF, approx. p. 23): Section H, WZ 52.1 Warehousing = Group II (medium risk). Source: user.
A13: Hours per employee (2.5 / 1.5 / 0.5) and the 20 % minimum per discipline are entered from the standard DGUV V2 Anlage 2 wording. Verify against the PDF and edit the blue cells if they differ.
A14: Betriebsspezifische Betreuung has no fixed formula; hours come from the site's own needs assessment (Gefährdungsbeurteilung, FaSi/BA agreement).
A15: Productive hours per FTE (1,600) is a placeholder assumption – replace with your contract/provider standard.
